ts,open,high,low,close,volume
2026-07-17 09:15:00+05:30,1300.0,1303.6,1296.1,1303.6,132023
2026-07-17 09:16:00+05:30,1303.1,1307.0,1302.6,1307.0,81657
2026-07-17 09:17:00+05:30,1306.5,1310.5,1306.1,1309.4,176329
2026-07-17 09:18:00+05:30,1309.5,1310.5,1308.3,1309.2,99594
2026-07-17 09:19:00+05:30,1309.2,1309.7,1308.4,1309.0,80244
2026-07-17 09:20:00+05:30,1309.0,1310.9,1308.6,1309.0,81334
2026-07-17 09:21:00+05:30,1309.2,1311.5,1308.9,1310.8,58044
2026-07-17 09:22:00+05:30,1310.7,1311.6,1310.1,1310.8,56834
2026-07-17 09:23:00+05:30,1310.8,1311.0,1309.2,1309.2,39365
2026-07-17 09:24:00+05:30,1309.3,1310.6,1309.0,1309.8,37906
2026-07-17 09:25:00+05:30,1309.9,1311.5,1309.4,1310.6,54274
2026-07-17 09:26:00+05:30,1310.6,1310.8,1309.1,1309.3,24054
2026-07-17 09:27:00+05:30,1309.3,1311.0,1309.0,1310.7,33286
2026-07-17 09:28:00+05:30,1310.8,1311.5,1310.1,1311.0,43036
2026-07-17 09:29:00+05:30,1311.3,1311.4,1310.5,1311.0,18964
2026-07-17 09:30:00+05:30,1311.0,1311.6,1310.1,1310.1,35764
2026-07-17 09:31:00+05:30,1310.4,1310.7,1309.0,1309.0,18812
2026-07-17 09:32:00+05:30,1309.4,1309.5,1308.0,1308.3,44103
2026-07-17 09:33:00+05:30,1308.3,1308.4,1307.0,1307.0,31211
2026-07-17 09:34:00+05:30,1307.6,1307.9,1307.0,1307.3,22012
2026-07-17 09:35:00+05:30,1307.3,1308.4,1307.1,1308.0,20084
2026-07-17 09:36:00+05:30,1307.9,1308.4,1307.7,1308.0,13457
2026-07-17 09:37:00+05:30,1308.3,1309.9,1308.0,1309.5,79485
2026-07-17 09:38:00+05:30,1309.6,1313.5,1309.5,1313.0,183938
2026-07-17 09:39:00+05:30,1313.0,1313.1,1311.0,1313.0,61783
2026-07-17 09:40:00+05:30,1312.6,1313.8,1312.4,1313.6,56934
2026-07-17 09:41:00+05:30,1313.6,1314.5,1312.5,1313.6,103183
2026-07-17 09:42:00+05:30,1313.6,1316.8,1313.5,1316.5,483440
2026-07-17 09:43:00+05:30,1316.6,1318.5,1316.1,1316.5,239255
2026-07-17 09:44:00+05:30,1316.9,1318.0,1316.0,1317.8,58640
2026-07-17 09:45:00+05:30,1317.7,1318.0,1316.6,1317.0,56914
2026-07-17 09:46:00+05:30,1316.8,1318.1,1316.4,1318.1,81351
2026-07-17 09:47:00+05:30,1317.9,1319.9,1317.9,1319.4,124398
2026-07-17 09:48:00+05:30,1319.4,1323.1,1319.2,1322.0,351891
2026-07-17 09:49:00+05:30,1322.0,1323.0,1320.2,1321.4,139043
2026-07-17 09:50:00+05:30,1321.4,1322.7,1321.0,1322.7,80889
2026-07-17 09:51:00+05:30,1322.2,1322.7,1320.1,1320.9,144447
2026-07-17 09:52:00+05:30,1320.8,1321.8,1320.5,1321.3,64791
2026-07-17 09:53:00+05:30,1321.3,1321.8,1320.6,1320.6,37484
2026-07-17 09:54:00+05:30,1320.6,1322.5,1320.6,1322.0,122841
2026-07-17 09:55:00+05:30,1322.0,1323.7,1322.0,1323.7,180294
2026-07-17 09:56:00+05:30,1323.7,1323.7,1322.0,1322.6,45157
2026-07-17 09:57:00+05:30,1322.7,1322.9,1320.9,1322.3,173843
2026-07-17 09:58:00+05:30,1322.2,1323.0,1321.7,1323.0,99562
2026-07-17 09:59:00+05:30,1322.9,1323.0,1322.5,1322.8,14695
2026-07-17 10:00:00+05:30,1322.6,1323.0,1322.1,1322.1,61349
2026-07-17 10:01:00+05:30,1322.3,1322.5,1321.6,1322.0,48418
2026-07-17 10:02:00+05:30,1322.4,1322.5,1322.0,1322.2,22391
2026-07-17 10:03:00+05:30,1322.2,1322.5,1320.3,1321.1,93393
2026-07-17 10:04:00+05:30,1321.5,1321.7,1320.5,1320.8,77619
2026-07-17 10:05:00+05:30,1321.0,1321.0,1320.0,1320.5,87298
2026-07-17 10:06:00+05:30,1320.3,1320.9,1319.8,1319.8,50664
2026-07-17 10:07:00+05:30,1319.9,1320.8,1319.9,1320.4,37530
2026-07-17 10:08:00+05:30,1320.1,1320.7,1319.0,1319.5,76313
2026-07-17 10:09:00+05:30,1319.5,1320.0,1319.1,1319.3,51486
2026-07-17 10:10:00+05:30,1319.2,1319.5,1318.5,1319.0,38187
2026-07-17 10:11:00+05:30,1319.0,1319.5,1318.9,1319.0,44390
2026-07-17 10:12:00+05:30,1319.2,1319.5,1319.0,1319.1,23813
2026-07-17 10:13:00+05:30,1319.0,1320.0,1319.0,1319.6,31193
2026-07-17 10:14:00+05:30,1319.9,1320.0,1319.2,1319.5,32248
2026-07-17 10:15:00+05:30,1319.6,1320.0,1319.5,1320.0,14245
2026-07-17 10:16:00+05:30,1320.0,1320.0,1319.4,1320.0,29519
2026-07-17 10:17:00+05:30,1320.0,1321.0,1319.5,1321.0,43668
2026-07-17 10:18:00+05:30,1320.9,1321.8,1319.7,1321.4,54664
2026-07-17 10:19:00+05:30,1321.4,1322.3,1321.0,1321.9,37628
2026-07-17 10:20:00+05:30,1322.0,1322.3,1321.1,1321.5,51088
2026-07-17 10:21:00+05:30,1321.4,1321.9,1320.0,1321.3,38251
2026-07-17 10:22:00+05:30,1321.3,1321.8,1320.7,1321.0,16315
2026-07-17 10:23:00+05:30,1321.0,1321.4,1320.2,1320.8,13961
2026-07-17 10:24:00+05:30,1320.8,1321.5,1320.4,1321.1,37841
2026-07-17 10:25:00+05:30,1321.5,1321.8,1321.0,1321.2,22656
2026-07-17 10:26:00+05:30,1321.2,1321.9,1321.2,1321.6,10400
2026-07-17 10:27:00+05:30,1321.6,1321.6,1320.0,1320.7,17314
2026-07-17 10:28:00+05:30,1320.3,1320.8,1319.5,1320.0,34675
2026-07-17 10:29:00+05:30,1320.5,1321.3,1319.9,1320.9,33888
2026-07-17 10:30:00+05:30,1321.3,1321.5,1320.7,1321.2,14059
2026-07-17 10:31:00+05:30,1321.3,1322.3,1321.2,1322.0,64051
2026-07-17 10:32:00+05:30,1322.1,1322.8,1322.0,1322.0,27159
2026-07-17 10:33:00+05:30,1322.0,1322.0,1320.7,1321.0,15211
2026-07-17 10:34:00+05:30,1321.0,1321.5,1320.0,1320.4,15235
2026-07-17 10:35:00+05:30,1320.9,1321.0,1320.0,1320.0,8498
2026-07-17 10:36:00+05:30,1320.2,1320.5,1319.8,1320.2,9141
2026-07-17 10:37:00+05:30,1320.2,1320.9,1320.2,1320.7,13606
2026-07-17 10:38:00+05:30,1320.7,1321.0,1320.2,1320.9,10270
2026-07-17 10:39:00+05:30,1320.9,1321.0,1320.0,1320.7,11176
2026-07-17 10:40:00+05:30,1320.7,1320.8,1320.0,1320.3,13193
2026-07-17 10:41:00+05:30,1320.7,1321.0,1320.1,1320.8,14278
2026-07-17 10:42:00+05:30,1320.8,1321.0,1320.1,1320.7,14324
2026-07-17 10:43:00+05:30,1320.7,1321.0,1320.0,1320.7,22836
2026-07-17 10:44:00+05:30,1320.7,1321.0,1320.1,1320.9,24818
2026-07-17 10:45:00+05:30,1320.9,1321.3,1320.1,1320.8,45054
2026-07-17 10:46:00+05:30,1320.8,1321.0,1320.0,1321.0,13317
2026-07-17 10:47:00+05:30,1320.9,1321.2,1320.5,1321.0,32080
2026-07-17 10:48:00+05:30,1321.1,1321.3,1320.7,1320.8,23078
2026-07-17 10:49:00+05:30,1320.9,1321.0,1320.0,1320.1,19442
2026-07-17 10:50:00+05:30,1320.6,1320.7,1320.0,1320.1,11658
2026-07-17 10:51:00+05:30,1320.6,1320.8,1320.0,1320.5,16991
2026-07-17 10:52:00+05:30,1320.7,1320.8,1320.0,1320.7,7604
2026-07-17 10:53:00+05:30,1320.6,1321.2,1320.6,1320.9,22025
2026-07-17 10:54:00+05:30,1321.2,1321.6,1320.5,1321.0,33952
2026-07-17 10:55:00+05:30,1321.0,1321.4,1320.8,1320.9,19148
2026-07-17 10:56:00+05:30,1321.0,1321.3,1320.7,1320.7,12641
2026-07-17 10:57:00+05:30,1320.9,1321.0,1320.2,1320.3,5019
2026-07-17 10:58:00+05:30,1320.4,1321.0,1320.1,1320.7,9148
2026-07-17 10:59:00+05:30,1320.9,1321.0,1320.0,1320.5,13038
2026-07-17 11:00:00+05:30,1320.8,1321.1,1320.5,1320.9,11464
2026-07-17 11:01:00+05:30,1321.0,1321.0,1320.7,1320.7,14161
2026-07-17 11:02:00+05:30,1320.7,1320.9,1320.0,1320.0,6814
2026-07-17 11:03:00+05:30,1320.0,1320.5,1320.0,1320.0,18558
2026-07-17 11:04:00+05:30,1320.4,1320.9,1320.0,1320.9,8542
2026-07-17 11:05:00+05:30,1320.7,1321.0,1320.1,1320.8,8426
2026-07-17 11:06:00+05:30,1320.7,1320.9,1320.1,1320.7,15180
2026-07-17 11:07:00+05:30,1320.7,1320.9,1320.0,1320.0,25279
2026-07-17 11:08:00+05:30,1320.1,1320.8,1319.6,1320.0,46827
2026-07-17 11:09:00+05:30,1320.0,1320.7,1319.9,1320.2,15028
2026-07-17 11:10:00+05:30,1320.2,1320.5,1319.0,1319.0,15484
2026-07-17 11:11:00+05:30,1319.1,1319.3,1318.1,1318.7,64223
2026-07-17 11:12:00+05:30,1318.8,1319.2,1318.7,1319.0,11986
2026-07-17 11:13:00+05:30,1319.0,1319.4,1318.7,1318.8,18354
2026-07-17 11:14:00+05:30,1318.8,1320.0,1318.2,1319.5,45818
2026-07-17 11:15:00+05:30,1319.5,1321.0,1319.2,1320.5,45147
2026-07-17 11:16:00+05:30,1320.8,1320.8,1320.0,1320.5,21371
2026-07-17 11:17:00+05:30,1320.5,1320.9,1320.2,1320.3,15800
2026-07-17 11:18:00+05:30,1320.6,1320.9,1320.1,1320.6,11859
2026-07-17 11:19:00+05:30,1320.9,1322.0,1320.5,1321.9,73883
2026-07-17 11:20:00+05:30,1321.8,1322.0,1320.7,1321.1,23235
2026-07-17 11:21:00+05:30,1321.1,1321.5,1320.8,1321.1,14623
2026-07-17 11:22:00+05:30,1321.3,1322.0,1321.3,1321.7,13554
2026-07-17 11:23:00+05:30,1321.9,1321.9,1321.0,1321.3,13549
2026-07-17 11:24:00+05:30,1321.2,1321.5,1320.9,1321.3,14388
2026-07-17 11:25:00+05:30,1321.3,1321.7,1321.0,1321.6,9295
2026-07-17 11:26:00+05:30,1321.5,1321.6,1321.0,1321.0,14684
2026-07-17 11:27:00+05:30,1321.2,1321.4,1321.0,1321.3,5027
2026-07-17 11:28:00+05:30,1321.4,1322.0,1321.1,1321.7,29923
2026-07-17 11:29:00+05:30,1322.0,1322.8,1321.1,1321.1,82835
2026-07-17 11:30:00+05:30,1321.9,1322.2,1321.4,1321.6,11996
2026-07-17 11:31:00+05:30,1322.0,1323.5,1321.6,1323.1,109792
2026-07-17 11:32:00+05:30,1323.0,1323.5,1322.0,1322.3,71464
2026-07-17 11:33:00+05:30,1322.4,1322.9,1321.0,1321.4,28845
2026-07-17 11:34:00+05:30,1321.5,1322.4,1321.4,1321.6,18673
2026-07-17 11:35:00+05:30,1321.8,1321.8,1321.6,1321.8,7094
2026-07-17 11:36:00+05:30,1321.6,1322.0,1321.4,1321.8,7060
2026-07-17 11:37:00+05:30,1321.8,1322.0,1320.9,1322.0,19825
2026-07-17 11:38:00+05:30,1321.9,1322.7,1321.7,1322.7,14774
2026-07-17 11:39:00+05:30,1322.6,1322.7,1320.6,1321.3,21030
2026-07-17 11:40:00+05:30,1321.2,1321.3,1320.7,1320.9,7908
2026-07-17 11:41:00+05:30,1320.9,1321.2,1320.7,1320.9,5548
2026-07-17 11:42:00+05:30,1321.0,1321.0,1320.6,1320.9,6465
2026-07-17 11:43:00+05:30,1320.8,1321.0,1320.5,1320.5,16241
2026-07-17 11:44:00+05:30,1320.9,1321.0,1320.5,1320.7,8885
2026-07-17 11:45:00+05:30,1321.0,1322.0,1320.7,1321.5,13667
2026-07-17 11:46:00+05:30,1321.9,1322.0,1321.3,1321.3,27984
2026-07-17 11:47:00+05:30,1321.3,1321.7,1321.1,1321.1,12155
2026-07-17 11:48:00+05:30,1321.1,1321.6,1321.1,1321.1,6598
2026-07-17 11:49:00+05:30,1321.1,1321.3,1320.6,1320.9,42441
2026-07-17 11:50:00+05:30,1321.0,1321.2,1320.6,1320.9,11238
2026-07-17 11:51:00+05:30,1320.8,1321.0,1320.5,1320.7,9419
2026-07-17 11:52:00+05:30,1320.9,1321.0,1320.5,1320.9,10861
2026-07-17 11:53:00+05:30,1320.9,1321.0,1320.6,1321.0,9956
2026-07-17 11:54:00+05:30,1320.9,1321.0,1320.5,1320.5,5016
2026-07-17 11:55:00+05:30,1320.8,1321.0,1320.5,1321.0,14732
2026-07-17 11:56:00+05:30,1321.0,1321.0,1320.5,1320.9,10079
2026-07-17 11:57:00+05:30,1321.0,1321.0,1320.5,1320.6,9697
2026-07-17 11:58:00+05:30,1320.9,1320.9,1320.5,1320.5,13106
2026-07-17 11:59:00+05:30,1320.7,1320.8,1320.1,1320.5,13085
2026-07-17 12:00:00+05:30,1320.3,1320.8,1320.1,1320.5,13769
2026-07-17 12:01:00+05:30,1320.6,1321.3,1320.4,1320.7,32646
2026-07-17 12:02:00+05:30,1320.7,1321.0,1320.3,1320.6,12709
2026-07-17 12:03:00+05:30,1320.9,1321.0,1320.3,1320.6,13226
2026-07-17 12:04:00+05:30,1320.5,1321.2,1320.5,1321.0,17242
2026-07-17 12:05:00+05:30,1320.9,1321.0,1320.1,1320.6,19175
2026-07-17 12:06:00+05:30,1320.5,1320.9,1320.1,1320.6,17151
2026-07-17 12:07:00+05:30,1320.5,1320.7,1320.0,1320.0,15528
2026-07-17 12:08:00+05:30,1320.3,1320.9,1320.0,1320.3,12032
2026-07-17 12:09:00+05:30,1320.9,1321.0,1320.3,1320.7,14070
2026-07-17 12:10:00+05:30,1320.6,1321.0,1320.2,1320.3,18427
2026-07-17 12:11:00+05:30,1320.8,1320.8,1320.0,1320.0,9829
2026-07-17 12:12:00+05:30,1320.1,1320.5,1320.0,1320.1,8615
2026-07-17 12:13:00+05:30,1320.5,1320.5,1320.0,1320.0,13076
2026-07-17 12:14:00+05:30,1320.1,1320.5,1320.0,1320.0,9256
2026-07-17 12:15:00+05:30,1320.5,1320.5,1319.7,1320.3,29006
2026-07-17 12:16:00+05:30,1320.3,1320.8,1319.7,1319.9,72992
2026-07-17 12:17:00+05:30,1320.2,1320.8,1319.6,1320.2,35679
2026-07-17 12:18:00+05:30,1320.4,1320.8,1320.1,1320.1,34645
2026-07-17 12:19:00+05:30,1320.6,1321.0,1320.4,1321.0,27788
2026-07-17 12:20:00+05:30,1320.9,1321.0,1320.2,1320.4,35217
2026-07-17 12:21:00+05:30,1320.9,1321.0,1320.2,1321.0,25855
2026-07-17 12:22:00+05:30,1320.9,1321.0,1320.1,1320.2,14468
2026-07-17 12:23:00+05:30,1320.2,1320.9,1320.0,1320.2,10707
2026-07-17 12:24:00+05:30,1320.1,1320.7,1320.1,1320.1,7660
2026-07-17 12:25:00+05:30,1320.5,1320.7,1320.1,1320.2,11122
2026-07-17 12:26:00+05:30,1320.2,1321.0,1320.1,1320.8,64229
2026-07-17 12:27:00+05:30,1320.3,1320.9,1320.1,1320.1,12030
2026-07-17 12:28:00+05:30,1320.2,1320.9,1320.1,1320.5,8680
2026-07-17 12:29:00+05:30,1320.6,1321.5,1320.5,1321.2,22086
2026-07-17 12:30:00+05:30,1321.5,1321.7,1320.4,1321.2,77344
2026-07-17 12:31:00+05:30,1320.8,1321.5,1320.5,1321.0,42286
2026-07-17 12:32:00+05:30,1320.7,1321.3,1320.7,1321.0,27168
2026-07-17 12:33:00+05:30,1321.1,1321.3,1320.7,1321.0,11927
2026-07-17 12:34:00+05:30,1320.9,1321.5,1320.9,1321.4,21686
2026-07-17 12:35:00+05:30,1321.4,1321.5,1321.0,1321.0,22143
2026-07-17 12:36:00+05:30,1321.1,1321.2,1320.2,1320.3,26368
2026-07-17 12:37:00+05:30,1320.5,1320.9,1320.0,1320.6,33941
2026-07-17 12:38:00+05:30,1320.6,1322.0,1320.4,1321.1,54843
2026-07-17 12:39:00+05:30,1320.7,1321.5,1320.5,1320.9,11192
2026-07-17 12:40:00+05:30,1321.0,1321.1,1320.4,1320.4,12133
2026-07-17 12:41:00+05:30,1320.9,1321.0,1320.4,1321.0,20123
2026-07-17 12:42:00+05:30,1320.9,1321.0,1320.8,1321.0,15297
2026-07-17 12:43:00+05:30,1320.9,1321.0,1320.5,1320.9,12252
2026-07-17 12:44:00+05:30,1320.9,1321.0,1320.7,1320.9,6187
2026-07-17 12:45:00+05:30,1321.0,1321.9,1320.8,1321.5,23103
2026-07-17 12:46:00+05:30,1321.6,1321.7,1320.5,1320.9,16452
2026-07-17 12:47:00+05:30,1321.0,1321.5,1320.6,1321.3,11387
2026-07-17 12:48:00+05:30,1321.2,1321.3,1320.6,1321.2,21353
2026-07-17 12:49:00+05:30,1321.3,1321.5,1321.0,1321.2,8201
2026-07-17 12:50:00+05:30,1321.2,1321.3,1320.1,1320.1,16235
2026-07-17 12:51:00+05:30,1320.2,1320.5,1320.0,1320.2,15363
2026-07-17 12:52:00+05:30,1320.2,1320.5,1320.0,1320.3,14217
2026-07-17 12:53:00+05:30,1320.3,1320.5,1320.1,1320.5,10703
2026-07-17 12:54:00+05:30,1320.2,1321.5,1320.1,1321.0,60520
2026-07-17 12:55:00+05:30,1321.0,1321.5,1320.4,1320.5,31190
2026-07-17 12:56:00+05:30,1320.6,1320.8,1320.3,1320.6,24149
2026-07-17 12:57:00+05:30,1320.6,1321.0,1320.3,1320.8,10693
2026-07-17 12:58:00+05:30,1320.9,1321.0,1320.7,1320.8,8694
2026-07-17 12:59:00+05:30,1320.8,1321.0,1320.4,1320.9,9340
2026-07-17 13:00:00+05:30,1320.8,1321.0,1320.3,1320.7,8373
2026-07-17 13:01:00+05:30,1320.7,1321.0,1320.3,1320.3,7762
2026-07-17 13:02:00+05:30,1320.7,1321.0,1320.1,1320.3,16053
2026-07-17 13:03:00+05:30,1320.1,1320.7,1320.1,1320.3,10474
2026-07-17 13:04:00+05:30,1320.3,1320.6,1320.2,1320.4,11249
2026-07-17 13:05:00+05:30,1320.5,1320.8,1320.4,1320.5,10348
2026-07-17 13:06:00+05:30,1320.7,1320.9,1320.4,1320.7,9485
2026-07-17 13:07:00+05:30,1320.7,1321.0,1320.4,1320.5,17285
2026-07-17 13:08:00+05:30,1320.5,1321.0,1320.4,1320.9,8587
2026-07-17 13:09:00+05:30,1320.9,1321.0,1320.3,1320.7,21551
2026-07-17 13:10:00+05:30,1320.7,1320.9,1320.4,1320.8,7661
2026-07-17 13:11:00+05:30,1320.8,1321.3,1320.6,1320.6,21717
2026-07-17 13:12:00+05:30,1320.8,1321.2,1320.5,1320.9,9454
2026-07-17 13:13:00+05:30,1320.9,1321.0,1320.1,1320.3,32978
2026-07-17 13:14:00+05:30,1320.3,1321.1,1320.1,1320.2,45247
2026-07-17 13:15:00+05:30,1320.5,1321.0,1320.1,1320.4,21089
2026-07-17 13:16:00+05:30,1320.3,1320.8,1320.2,1320.4,9883
2026-07-17 13:17:00+05:30,1320.3,1321.2,1320.2,1320.5,67623
2026-07-17 13:18:00+05:30,1320.6,1320.9,1320.1,1320.2,32416
2026-07-17 13:19:00+05:30,1320.3,1320.9,1320.1,1320.4,19885
2026-07-17 13:20:00+05:30,1320.5,1321.0,1320.2,1320.6,30373
2026-07-17 13:21:00+05:30,1320.5,1321.0,1320.4,1321.0,20157
2026-07-17 13:22:00+05:30,1320.8,1321.0,1320.2,1320.6,18906
2026-07-17 13:23:00+05:30,1320.5,1320.6,1320.2,1320.3,13942
2026-07-17 13:24:00+05:30,1320.3,1320.9,1320.2,1320.4,11754
2026-07-17 13:25:00+05:30,1320.3,1320.5,1320.2,1320.3,13386
2026-07-17 13:26:00+05:30,1320.3,1320.9,1320.1,1320.4,27358
2026-07-17 13:27:00+05:30,1320.3,1320.6,1319.3,1320.1,71319
2026-07-17 13:28:00+05:30,1320.1,1320.5,1319.6,1320.2,28315
2026-07-17 13:29:00+05:30,1320.0,1321.0,1319.7,1320.4,45018
2026-07-17 13:30:00+05:30,1320.5,1320.7,1320.1,1320.3,10837
2026-07-17 13:31:00+05:30,1320.4,1321.1,1320.0,1321.0,39426
2026-07-17 13:32:00+05:30,1321.0,1321.4,1320.9,1321.1,25738
2026-07-17 13:33:00+05:30,1321.2,1321.5,1320.9,1321.0,13400
2026-07-17 13:34:00+05:30,1321.1,1321.2,1321.0,1321.0,11853
2026-07-17 13:35:00+05:30,1321.1,1322.0,1320.7,1321.8,31905
2026-07-17 13:36:00+05:30,1321.8,1323.0,1321.8,1322.7,111117
2026-07-17 13:37:00+05:30,1322.7,1324.5,1322.5,1322.8,171198
2026-07-17 13:38:00+05:30,1322.8,1323.0,1322.3,1323.0,26108
2026-07-17 13:39:00+05:30,1322.7,1323.0,1322.2,1322.7,39765
2026-07-17 13:40:00+05:30,1322.6,1323.0,1322.4,1322.6,27652
2026-07-17 13:41:00+05:30,1322.6,1323.0,1321.8,1322.4,71026
2026-07-17 13:42:00+05:30,1322.5,1322.6,1320.1,1320.6,84056
2026-07-17 13:43:00+05:30,1320.6,1321.0,1320.5,1320.7,16582
2026-07-17 13:44:00+05:30,1320.7,1320.9,1320.1,1320.8,27055
2026-07-17 13:45:00+05:30,1320.8,1321.0,1319.7,1320.9,53435
2026-07-17 13:46:00+05:30,1321.0,1321.4,1320.0,1320.5,19651
2026-07-17 13:47:00+05:30,1320.3,1320.9,1319.9,1320.1,28597
2026-07-17 13:48:00+05:30,1320.1,1320.4,1319.6,1320.1,22905
2026-07-17 13:49:00+05:30,1320.1,1320.9,1319.7,1320.0,23008
2026-07-17 13:50:00+05:30,1320.0,1320.0,1318.1,1319.2,67487
2026-07-17 13:51:00+05:30,1319.2,1319.5,1318.5,1319.2,28089
2026-07-17 13:52:00+05:30,1319.0,1319.7,1316.8,1318.0,68191
2026-07-17 13:53:00+05:30,1318.5,1319.0,1317.9,1318.8,25222
2026-07-17 13:54:00+05:30,1318.8,1319.2,1318.2,1319.2,17501
2026-07-17 13:55:00+05:30,1319.2,1320.2,1318.6,1320.0,102932
2026-07-17 13:56:00+05:30,1320.0,1320.3,1318.2,1319.0,50587
2026-07-17 13:57:00+05:30,1319.2,1319.3,1317.8,1318.4,15397
2026-07-17 13:58:00+05:30,1317.8,1319.0,1317.8,1319.0,13579
2026-07-17 13:59:00+05:30,1318.8,1319.1,1316.5,1317.2,53909
2026-07-17 14:00:00+05:30,1317.3,1318.0,1317.0,1317.2,21327
2026-07-17 14:01:00+05:30,1317.0,1317.8,1317.0,1317.5,29282
2026-07-17 14:02:00+05:30,1317.4,1318.0,1317.4,1317.8,11883
2026-07-17 14:03:00+05:30,1317.8,1318.0,1317.4,1317.7,13118
2026-07-17 14:04:00+05:30,1317.6,1318.9,1317.5,1318.2,30262
2026-07-17 14:05:00+05:30,1318.2,1320.7,1318.1,1319.8,36491
2026-07-17 14:06:00+05:30,1320.3,1320.6,1318.0,1318.3,28884
2026-07-17 14:07:00+05:30,1318.0,1319.2,1318.0,1319.0,57951
2026-07-17 14:08:00+05:30,1318.5,1319.4,1318.5,1319.0,26736
2026-07-17 14:09:00+05:30,1319.0,1320.1,1319.0,1319.7,36102
2026-07-17 14:10:00+05:30,1319.6,1320.0,1319.1,1319.4,14748
2026-07-17 14:11:00+05:30,1319.4,1320.5,1319.4,1320.2,18184
2026-07-17 14:12:00+05:30,1320.2,1320.6,1319.5,1320.5,26316
2026-07-17 14:13:00+05:30,1320.3,1320.7,1319.8,1320.3,13495
2026-07-17 14:14:00+05:30,1320.3,1320.6,1319.8,1320.3,32123
2026-07-17 14:15:00+05:30,1320.4,1322.2,1319.5,1322.0,113384
2026-07-17 14:16:00+05:30,1322.0,1322.8,1320.8,1322.5,169108
2026-07-17 14:17:00+05:30,1322.4,1322.8,1321.2,1322.3,48993
2026-07-17 14:18:00+05:30,1322.5,1323.2,1321.5,1322.5,96154
2026-07-17 14:19:00+05:30,1322.5,1322.7,1321.3,1322.0,36824
2026-07-17 14:20:00+05:30,1322.1,1323.8,1322.0,1323.5,82957
2026-07-17 14:21:00+05:30,1323.6,1323.9,1323.0,1323.4,73873
2026-07-17 14:22:00+05:30,1323.1,1323.9,1322.2,1323.0,106300
2026-07-17 14:23:00+05:30,1323.0,1323.9,1322.9,1323.4,39567
2026-07-17 14:24:00+05:30,1323.5,1324.0,1322.5,1323.6,91039
2026-07-17 14:25:00+05:30,1323.7,1323.8,1322.7,1323.3,26897
2026-07-17 14:26:00+05:30,1323.0,1324.5,1323.0,1324.5,50968
2026-07-17 14:27:00+05:30,1324.5,1325.3,1324.0,1325.3,267211
2026-07-17 14:28:00+05:30,1325.0,1326.9,1324.8,1325.1,186419
2026-07-17 14:29:00+05:30,1325.1,1325.5,1323.5,1323.7,153444
2026-07-17 14:30:00+05:30,1324.0,1325.1,1323.4,1324.6,59008
2026-07-17 14:31:00+05:30,1324.6,1325.1,1324.0,1324.5,34994
2026-07-17 14:32:00+05:30,1324.0,1325.2,1324.0,1324.3,59490
2026-07-17 14:33:00+05:30,1324.5,1325.7,1324.1,1324.5,52174
2026-07-17 14:34:00+05:30,1324.7,1325.6,1324.3,1325.2,28957
2026-07-17 14:35:00+05:30,1325.3,1325.7,1324.5,1325.0,63255
2026-07-17 14:36:00+05:30,1325.1,1325.1,1323.0,1323.5,128527
2026-07-17 14:37:00+05:30,1323.5,1324.4,1323.2,1323.2,45739
2026-07-17 14:38:00+05:30,1323.4,1323.4,1321.9,1322.3,51753
2026-07-17 14:39:00+05:30,1322.3,1322.7,1321.4,1321.6,16139
2026-07-17 14:40:00+05:30,1321.6,1323.5,1321.2,1323.2,58083
2026-07-17 14:41:00+05:30,1323.0,1323.4,1322.7,1323.0,35206
2026-07-17 14:42:00+05:30,1323.0,1323.7,1322.3,1323.2,45715
2026-07-17 14:43:00+05:30,1323.2,1323.7,1322.9,1323.0,44854
2026-07-17 14:44:00+05:30,1323.1,1324.0,1323.0,1323.2,16038
2026-07-17 14:45:00+05:30,1323.6,1324.4,1323.0,1324.0,52138
2026-07-17 14:46:00+05:30,1323.6,1324.9,1323.6,1324.0,58465
2026-07-17 14:47:00+05:30,1323.8,1324.6,1323.8,1324.0,46628
2026-07-17 14:48:00+05:30,1324.2,1324.7,1323.8,1324.0,24447
2026-07-17 14:49:00+05:30,1324.2,1324.7,1323.5,1323.7,32657
2026-07-17 14:50:00+05:30,1323.6,1324.5,1323.4,1323.7,23400
2026-07-17 14:51:00+05:30,1323.8,1324.9,1323.8,1324.6,35226
2026-07-17 14:52:00+05:30,1324.6,1325.8,1324.5,1325.3,62106
2026-07-17 14:53:00+05:30,1325.7,1325.8,1324.2,1324.4,27034
2026-07-17 14:54:00+05:30,1324.6,1324.9,1323.3,1323.6,107147
2026-07-17 14:55:00+05:30,1323.6,1323.9,1323.1,1323.5,48368
2026-07-17 14:56:00+05:30,1323.6,1324.0,1323.0,1323.0,156149
2026-07-17 14:57:00+05:30,1323.3,1323.4,1322.0,1322.2,60046
2026-07-17 14:58:00+05:30,1322.3,1322.7,1321.4,1321.5,47339
2026-07-17 14:59:00+05:30,1321.8,1322.3,1320.5,1321.6,75347
2026-07-17 15:00:00+05:30,1321.9,1322.5,1321.5,1322.2,47051
2026-07-17 15:01:00+05:30,1322.2,1322.5,1321.8,1322.4,40439
2026-07-17 15:02:00+05:30,1322.5,1322.5,1321.1,1322.0,85238
2026-07-17 15:03:00+05:30,1322.0,1322.4,1321.2,1322.2,85732
2026-07-17 15:04:00+05:30,1322.2,1323.2,1322.1,1322.3,37677
2026-07-17 15:05:00+05:30,1322.6,1323.2,1322.3,1323.2,37394
2026-07-17 15:06:00+05:30,1322.9,1323.9,1322.9,1323.5,33271
2026-07-17 15:07:00+05:30,1323.8,1324.0,1323.3,1323.7,24308
2026-07-17 15:08:00+05:30,1323.7,1324.8,1323.6,1324.6,33154
2026-07-17 15:09:00+05:30,1324.7,1325.9,1324.5,1325.1,65509
2026-07-17 15:10:00+05:30,1325.4,1325.8,1325.0,1325.7,51956
2026-07-17 15:11:00+05:30,1325.5,1326.0,1324.7,1325.1,87254
2026-07-17 15:12:00+05:30,1325.2,1326.0,1324.6,1325.4,151022
2026-07-17 15:13:00+05:30,1325.4,1325.9,1324.7,1325.5,81628
2026-07-17 15:14:00+05:30,1325.6,1326.2,1324.8,1325.0,97503
2026-07-17 15:15:00+05:30,1325.0,1326.0,1324.3,1325.2,145639
2026-07-17 15:16:00+05:30,1325.2,1325.9,1324.7,1325.2,108337
2026-07-17 15:17:00+05:30,1325.7,1326.5,1325.2,1325.7,82098
2026-07-17 15:18:00+05:30,1325.7,1326.9,1325.7,1326.5,87548
2026-07-17 15:19:00+05:30,1326.1,1326.7,1325.8,1326.1,72102
2026-07-17 15:20:00+05:30,1326.1,1327.0,1325.6,1326.8,86717
2026-07-17 15:21:00+05:30,1326.7,1327.0,1326.0,1326.8,135963
2026-07-17 15:22:00+05:30,1326.6,1327.5,1326.3,1327.1,120122
2026-07-17 15:23:00+05:30,1327.1,1328.1,1327.0,1328.0,268245
2026-07-17 15:24:00+05:30,1328.0,1329.0,1327.5,1328.0,238549
2026-07-17 15:25:00+05:30,1328.0,1329.5,1327.7,1328.8,536734
2026-07-17 15:26:00+05:30,1328.8,1329.3,1327.1,1327.5,91530
2026-07-17 15:27:00+05:30,1327.5,1329.3,1327.3,1329.0,480107
2026-07-17 15:28:00+05:30,1329.0,1329.1,1328.6,1329.0,267316
2026-07-17 15:29:00+05:30,1329.1,1330.3,1328.8,1328.8,454729
